1	done	1	0	101	2026-10-04T14:35:14-05:00
2	done	1	0	201	2026-10-04T14:36:30-05:00
3	done	1	0	301	2026-10-04T14:38:23-05:00
4	done	1	0	101	2026-10-04T14:39:03-05:00
5	done	1	0	201	2026-10-04T14:45:09-05:00
6	done	1	0	301	2026-10-04T15:15:18-05:00
7	done	1	0	101	2026-10-04T15:19:34-05:00
8	done	1	0	201	2026-10-04T15:28:43-05:00
9	done	1	0	301	2026-10-04T15:34:57-05:00
10	done	1	0	101	2026-10-04T15:36:01-05:00
11	done	1	0	201	2026-10-04T15:41:03-05:00
12	done	1	0	301	2026-10-04T15:42:40-05:00
13	done	1	0	101	2026-10-04T15:49:59-05:00
14	done	1	0	201	2026-10-04T15:54:49-05:00
15	done	1	0	301	2026-10-04T16:01:17-05:00
16	done	1	0	101	2026-10-04T16:03:52-05:00
17	done	1	0	201	2026-10-04T16:12:53-05:00
18	done	1	0	301	2026-10-04T16:15:33-05:00
19	done	1	0	101	2026-10-04T16:17:22-05:00
20	done	1	0	201	2026-10-04T16:21:07-05:00
21	done	1	0	301	2026-10-04T16:37:25-05:00
22	done	1	0	101	2026-10-04T16:39:47-05:00
23	done	1	0	201	2026-10-04T16:49:21-05:00
24	done	1	0	301	2026-10-04T17:04:35-05:00
25	done	1	0	101	2026-10-04T17:06:45-05:00
26	done	1	0	201	2026-10-04T17:21:49-05:00
27	done	1	0	301	2026-10-04T17:31:12-05:00
28	done	1	0	201	2026-10-04T17:31:56-05:00
29	done	1	0	301	2026-10-04T17:32:48-05:00
30	done	1	0	201	2026-10-04T17:33:41-05:00
31	failed	1	1	301	2026-10-04T17:34:44-05:00
31	failed	2	1	301	2026-10-04T17:36:46-05:00
31	failed	3	1	301	2026-10-04T17:38:48-05:00
31	void	3	1	301	2026-10-04T17:38:48-05:00
32	done	1	0	201	2026-10-04T17:39:51-05:00
33	done	1	0	301	2026-10-04T17:40:34-05:00
34	done	1	0	201	2026-10-04T17:42:54-05:00
35	done	1	0	301	2026-10-04T17:49:59-05:00
36	done	1	0	201	2026-10-04T17:52:14-05:00
37	done	1	0	301	2026-10-04T18:06:04-05:00
38	done	1	0	201	2026-10-04T18:10:18-05:00
39	done	1	0	301	2026-10-04T18:16:59-05:00
40	done	1	0	101	2026-10-04T18:18:12-05:00
41	done	1	0	201	2026-10-04T18:24:53-05:00
42	done	1	0	301	2026-10-04T18:26:14-05:00
43	done	1	0	101	2026-10-04T18:33:42-05:00
44	done	1	0	201	2026-10-04T18:44:44-05:00
45	done	1	0	301	2026-10-04T18:51:49-05:00
46	done	1	0	101	2026-10-04T18:57:02-05:00
47	done	1	0	201	2026-10-04T19:10:16-05:00
48	done	1	0	301	2026-10-04T19:14:52-05:00
49	done	1	0	101	2026-10-04T19:15:42-05:00
50	done	1	0	201	2026-10-04T19:20:03-05:00
51	done	1	0	301	2026-10-04T19:21:03-05:00
52	done	1	0	101	2026-10-04T19:31:40-05:00
53	done	1	0	201	2026-10-04T19:38:20-05:00
54	done	1	0	301	2026-10-04T19:41:50-05:00
55	done	1	0	101	2026-10-04T19:46:48-05:00
56	done	1	0	201	2026-10-04T19:53:40-05:00
57	done	1	0	301	2026-10-04T19:59:14-05:00
58	done	1	0	101	2026-10-04T20:00:58-05:00
59	done	1	0	201	2026-10-04T20:07:02-05:00
60	done	1	0	301	2026-10-04T20:09:25-05:00
61	done	1	0	101	2026-10-04T20:20:40-05:00
62	done	1	0	201	2026-10-04T20:25:51-05:00
63	done	1	0	301	2026-10-04T20:43:07-05:00
64	done	1	0	101	2026-10-04T20:50:04-05:00
65	done	1	0	201	2026-10-04T20:59:56-05:00
66	done	1	0	301	2026-10-04T21:06:14-05:00
